{
  "$schema": "https://developer.microsoft.com/json-schemas/fabric/item/report/definition/report/3.0.0/schema.json",
  "themeCollection": {
    "baseTheme": {
      "name": "CY21SU04",
      "reportVersionAtImport": {
        "visual": "1.8.57",
        "report": "2.0.57",
        "page": "1.3.57"
      },
      "type": "SharedResources"
    },
    "customTheme": {
      "name": "Custom7293963959446415.json",
      "reportVersionAtImport": {
        "visual": "1.8.57",
        "report": "2.0.57",
        "page": "1.3.57"
      },
      "type": "RegisteredResources"
    }
  },
  "objects": {
    "section": [
      {
        "properties": {
          "verticalAlignment": {
            "expr": {
              "Literal": {
                "Value": "'Top'"
              }
            }
          }
        }
      }
    ],
    "outspacePane": [
      {
        "properties": {
          "expanded": {
            "expr": {
              "Literal": {
                "Value": "false"
              }
            }
          }
        }
      }
    ]
  },
  "publicCustomVisuals": [
    "TornadoChart1452517688218"
  ],
  "resourcePackages": [
    {
      "name": "SharedResources",
      "type": "SharedResources",
      "items": [
        {
          "name": "CY21SU04",
          "path": "BaseThemes/CY21SU04.json",
          "type": "BaseTheme"
        }
      ]
    },
    {
      "name": "RegisteredResources",
      "type": "RegisteredResources",
      "items": [
        {
          "name": "Custom7293963959446415.json",
          "path": "Custom7293963959446415.json",
          "type": "CustomTheme"
        }
      ]
    },
    {
      "name": "TornadoChart1452517688218",
      "type": "CustomVisual",
      "items": [
        {
          "name": "TornadoChart1452517688218.pbiviz.json",
          "path": "TornadoChart1452517688218.pbiviz.json",
          "type": "CustomVisualMetadata"
        }
      ]
    },
    {
      "name": "RadarChart1446119667547",
      "type": "CustomVisual",
      "items": [
        {
          "name": "RadarChart1446119667547.pbiviz.json",
          "path": "RadarChart1446119667547.pbiviz.json",
          "type": "CustomVisualMetadata"
        }
      ]
    }
  ],
  "settings": {
    "useStylableVisualContainerHeader": true,
    "exportDataMode": "AllowSummarized",
    "defaultDrillFilterOtherVisuals": true,
    "allowChangeFilterTypes": true,
    "useEnhancedTooltips": true
  }
}