{
  "$schema": "https://developer.microsoft.com/json-schemas/fabric/item/report/definition/visualContainer/2.3.0/schema.json",
  "name": "49718a12a49ae7382e2a",
  "position": {
    "x": 751,
    "y": 0,
    "z": 2000,
    "height": 393,
    "width": 529,
    "tabOrder": 2000
  },
  "visual": {
    "visualType": "gauge",
    "query": {
      "queryState": {
        "MaxValue": {
          "projections": [
            {
              "field": {
                "Measure": {
                  "Expression": {
                    "SourceRef": {
                      "Entity": "Orders"
                    }
                  },
                  "Property": "Maximum Profit Margin"
                }
              },
              "queryRef": "Orders.Maximum Profit Margin",
              "nativeQueryRef": "Maximum Profit Margin"
            }
          ]
        },
        "TargetValue": {
          "projections": [
            {
              "field": {
                "Measure": {
                  "Expression": {
                    "SourceRef": {
                      "Entity": "Orders"
                    }
                  },
                  "Property": "Target Profit Margin"
                }
              },
              "queryRef": "Orders.Target Profit Margin",
              "nativeQueryRef": "Target Profit Margin"
            }
          ]
        },
        "Y": {
          "projections": [
            {
              "field": {
                "Aggregation": {
                  "Expression": {
                    "Column": {
                      "Expression": {
                        "SourceRef": {
                          "Entity": "Orders"
                        }
                      },
                      "Property": "Profit_Margin"
                    }
                  },
                  "Function": 1
                }
              },
              "queryRef": "Sum(Orders.Profit_Margin)",
              "nativeQueryRef": "Average of Profit_Margin"
            }
          ]
        }
      },
      "sortDefinition": {
        "sort": [
          {
            "field": {
              "Aggregation": {
                "Expression": {
                  "Column": {
                    "Expression": {
                      "SourceRef": {
                        "Entity": "Orders"
                      }
                    },
                    "Property": "Profit_Margin"
                  }
                },
                "Function": 1
              }
            },
            "direction": "Descending"
          }
        ],
        "isDefaultSort": true
      }
    },
    "visualContainerObjects": {
      "title": [
        {
          "properties": {
            "text": {
              "expr": {
                "Literal": {
                  "Value": "'Avg. Profit Margin vs Target Profit Margin'"
                }
              }
            }
          }
        }
      ]
    },
    "drillFilterOtherVisuals": true
  }
}