{
  "$schema": "https://developer.microsoft.com/json-schemas/fabric/item/report/definition/visualContainer/2.3.0/schema.json",
  "name": "b325d0dcb550e9e4846b",
  "position": {
    "x": 0,
    "y": 220.63135649187691,
    "z": 1000,
    "height": 127.81402720908731,
    "width": 209.98018755778631,
    "tabOrder": 2000
  },
  "visual": {
    "visualType": "card",
    "query": {
      "queryState": {
        "Values": {
          "projections": [
            {
              "field": {
                "Measure": {
                  "Expression": {
                    "SourceRef": {
                      "Entity": "Databel - Data"
                    }
                  },
                  "Property": "Avg Customer Service Calls"
                }
              },
              "queryRef": "Databel - Data.Avg Customer Service Calls"
            }
          ]
        }
      },
      "sortDefinition": {
        "sort": [
          {
            "field": {
              "Measure": {
                "Expression": {
                  "SourceRef": {
                    "Entity": "Databel - Data"
                  }
                },
                "Property": "Avg Customer Service Calls"
              }
            },
            "direction": "Descending"
          }
        ],
        "isDefaultSort": true
      }
    },
    "drillFilterOtherVisuals": true
  }
}