{
  "$schema": "https://developer.microsoft.com/json-schemas/fabric/item/report/definition/visualContainer/2.3.0/schema.json",
  "name": "9f296fa6fc81e764d206",
  "position": {
    "x": 10,
    "y": 290,
    "z": 1000,
    "height": 280,
    "width": 1270,
    "tabOrder": 1000
  },
  "visual": {
    "visualType": "kpi",
    "query": {
      "queryState": {
        "Goal": {
          "projections": [
            {
              "field": {
                "Measure": {
                  "Expression": {
                    "SourceRef": {
                      "Entity": "Returns"
                    }
                  },
                  "Property": "Target Returns"
                }
              },
              "queryRef": "Returns.Target Returns",
              "nativeQueryRef": "Target Returns"
            }
          ]
        },
        "Indicator": {
          "projections": [
            {
              "field": {
                "Measure": {
                  "Expression": {
                    "SourceRef": {
                      "Entity": "Returns"
                    }
                  },
                  "Property": "Total Returns"
                }
              },
              "queryRef": "Returns.Total Returns",
              "nativeQueryRef": "Total Returns"
            }
          ]
        },
        "TrendLine": {
          "projections": [
            {
              "field": {
                "HierarchyLevel": {
                  "Expression": {
                    "Hierarchy": {
                      "Expression": {
                        "PropertyVariationSource": {
                          "Expression": {
                            "SourceRef": {
                              "Entity": "Orders"
                            }
                          },
                          "Name": "Variation",
                          "Property": "Order_Date"
                        }
                      },
                      "Hierarchy": "Date Hierarchy"
                    }
                  },
                  "Level": "Month"
                }
              },
              "queryRef": "Orders.Order_Date.Variation.Date Hierarchy.Month",
              "nativeQueryRef": "Order_Date Month"
            }
          ]
        }
      }
    },
    "objects": {
      "status": [
        {
          "properties": {
            "direction": {
              "expr": {
                "Literal": {
                  "Value": "'Negative'"
                }
              }
            }
          }
        }
      ],
      "lastDate": [
        {
          "properties": {
            "show": {
              "expr": {
                "Literal": {
                  "Value": "false"
                }
              }
            }
          }
        }
      ]
    },
    "visualContainerObjects": {
      "title": [
        {
          "properties": {
            "text": {
              "expr": {
                "Literal": {
                  "Value": "'Total Returns vs Target by Month'"
                }
              }
            }
          }
        }
      ]
    },
    "drillFilterOtherVisuals": true
  }
}