{
  "$schema": "https://developer.microsoft.com/json-schemas/fabric/item/report/definition/visualContainer/2.3.0/schema.json",
  "name": "6daa6bdf178b04653b01",
  "position": {
    "x": 583.62525458248467,
    "y": 414.98981670061096,
    "z": 3000,
    "height": 209.69450101832993,
    "width": 241.95519348268837
  },
  "visual": {
    "visualType": "multiRowCard",
    "query": {
      "queryState": {
        "Values": {
          "projections": [
            {
              "field": {
                "Measure": {
                  "Expression": {
                    "SourceRef": {
                      "Entity": "Databel - Data"
                    }
                  },
                  "Property": "Churn Rate"
                }
              },
              "queryRef": "Databel - Data.Churn Rate"
            },
            {
              "field": {
                "Column": {
                  "Expression": {
                    "SourceRef": {
                      "Entity": "Databel - Data"
                    }
                  },
                  "Property": "Contract Category"
                }
              },
              "queryRef": "Databel - Data.Contract Category"
            }
          ]
        }
      },
      "sortDefinition": {
        "sort": [
          {
            "field": {
              "Measure": {
                "Expression": {
                  "SourceRef": {
                    "Entity": "Databel - Data"
                  }
                },
                "Property": "Churn Rate"
              }
            },
            "direction": "Descending"
          }
        ],
        "isDefaultSort": true
      }
    },
    "objects": {
      "categoryLabels": [
        {
          "properties": {
            "fontSize": {
              "expr": {
                "Literal": {
                  "Value": "14D"
                }
              }
            }
          }
        }
      ],
      "dataLabels": [
        {
          "properties": {
            "fontSize": {
              "expr": {
                "Literal": {
                  "Value": "14D"
                }
              }
            }
          }
        }
      ]
    },
    "drillFilterOtherVisuals": true
  }
}