{
  "version": "1.1.0",
  "diagrams": [
    {
      "ordinal": 0,
      "scrollPosition": {
        "x": 0,
        "y": 0
      },
      "nodes": [
        {
          "location": {
            "x": 0,
            "y": 198.41483200000005
          },
          "nodeIndex": "Orders",
          "nodeLineageTag": "d501b676-f71f-4bc1-83a1-dcafb1e76d98",
          "size": {
            "height": 300,
            "width": 234
          },
          "zIndex": 0
        },
        {
          "location": {
            "x": 599.38372838037219,
            "y": 411.032269392557
          },
          "nodeIndex": "Products",
          "nodeLineageTag": "b98e9355-ee5b-497b-8aa7-7ea565d13b1f",
          "size": {
            "height": 248,
            "width": 234
          },
          "zIndex": 0
        },
        {
          "location": {
            "x": 1135.7201393190276,
            "y": 171.84141700000004
          },
          "nodeIndex": "Retailers",
          "nodeLineageTag": "17552a55-a7ee-474f-9ea2-5b47d11cd83e",
          "size": {
            "height": 272,
            "width": 234
          },
          "zIndex": 0
        },
        {
          "location": {
            "x": 602.20010309502493,
            "y": 0
          },
          "nodeIndex": "Returns",
          "nodeLineageTag": "a3da8509-7d0b-44f4-80bb-1c2550daf2a8",
          "size": {
            "height": 272,
            "width": 234
          },
          "zIndex": 0
        }
      ],
      "name": "All tables",
      "zoomValue": 63.287087723234038,
      "pinKeyFieldsToTop": false,
      "showExtraHeaderInfo": false,
      "hideKeyFieldsWhenCollapsed": false,
      "tablesLocked": false
    }
  ],
  "selectedDiagram": "All tables",
  "defaultDiagram": "All tables"
}