{
  "$schema": "https://developer.microsoft.com/json-schemas/fabric/item/report/definition/visualContainer/2.3.0/schema.json",
  "name": "70ca6c869b289d092351",
  "position": {
    "x": 751.22481386075719,
    "y": 541.46723596457173,
    "z": 4000,
    "height": 138.21235752849429,
    "width": 528.459014079537,
    "tabOrder": 4000
  },
  "visual": {
    "visualType": "card",
    "query": {
      "queryState": {
        "Values": {
          "projections": [
            {
              "field": {
                "Measure": {
                  "Expression": {
                    "SourceRef": {
                      "Entity": "Orders"
                    }
                  },
                  "Property": "Orders Below Target Profit Margin"
                }
              },
              "queryRef": "Orders.Orders Below Target Profit Margin",
              "nativeQueryRef": "Orders Below Target Profit Margin"
            }
          ]
        }
      },
      "sortDefinition": {
        "sort": [
          {
            "field": {
              "Measure": {
                "Expression": {
                  "SourceRef": {
                    "Entity": "Orders"
                  }
                },
                "Property": "Orders Below Target Profit Margin"
              }
            },
            "direction": "Descending"
          }
        ],
        "isDefaultSort": true
      }
    },
    "drillFilterOtherVisuals": true
  }
}