{
  "$schema": "https://developer.microsoft.com/json-schemas/fabric/item/report/definition/visualContainer/2.3.0/schema.json",
  "name": "c2e6daa68a62ecef1080",
  "position": {
    "x": 0,
    "y": 403,
    "z": 1000,
    "height": 317,
    "width": 741,
    "tabOrder": 1000
  },
  "visual": {
    "visualType": "treemap",
    "query": {
      "queryState": {
        "Group": {
          "projections": [
            {
              "field": {
                "Column": {
                  "Expression": {
                    "SourceRef": {
                      "Entity": "Retailers"
                    }
                  },
                  "Property": "Retailer_Channel"
                }
              },
              "queryRef": "Retailers.Retailer_Channel",
              "nativeQueryRef": "Retailer_Channel",
              "active": true
            },
            {
              "field": {
                "Column": {
                  "Expression": {
                    "SourceRef": {
                      "Entity": "Products"
                    }
                  },
                  "Property": "Product_Size"
                }
              },
              "queryRef": "Products.Product_Size",
              "nativeQueryRef": "Product_Size",
              "active": false
            }
          ]
        },
        "Values": {
          "projections": [
            {
              "field": {
                "Aggregation": {
                  "Expression": {
                    "Column": {
                      "Expression": {
                        "SourceRef": {
                          "Entity": "Orders"
                        }
                      },
                      "Property": " Order_Quantity "
                    }
                  },
                  "Function": 0
                }
              },
              "queryRef": "Sum(Orders. Order_Quantity )",
              "nativeQueryRef": " Order_Quantity "
            }
          ]
        }
      }
    },
    "drillFilterOtherVisuals": true
  }
}