{
  "$schema": "https://developer.microsoft.com/json-schemas/fabric/item/report/definition/visualContainer/2.3.0/schema.json",
  "name": "6ab34b8c94c4dacf566c",
  "position": {
    "x": 48.691057984414208,
    "y": 24.345528992207104,
    "z": 7000,
    "height": 83.180557390040946,
    "width": 300.26152423722095,
    "tabOrder": 7000
  },
  "visual": {
    "visualType": "textbox",
    "objects": {
      "general": [
        {
          "properties": {
            "paragraphs": [
              {
                "textRuns": [
                  {
                    "value": "Overview",
                    "textStyle": {
                      "fontWeight": "bold",
                      "fontSize": "32pt"
                    }
                  }
                ]
              }
            ]
          }
        }
      ]
    },
    "drillFilterOtherVisuals": true
  }
}