{
  "$schema": "https://developer.microsoft.com/json-schemas/fabric/item/report/definition/visualContainer/2.3.0/schema.json",
  "name": "12e24ae3b2b307540610",
  "position": {
    "x": 0,
    "y": 0,
    "z": 0,
    "height": 1000.4587317830552,
    "width": 555.55947634002609
  },
  "visual": {
    "visualType": "tableEx",
    "query": {
      "queryState": {
        "Values": {
          "projections": [
            {
              "field": {
                "Column": {
                  "Expression": {
                    "SourceRef": {
                      "Entity": "Orders"
                    }
                  },
                  "Property": "Order_ID"
                }
              },
              "queryRef": "Orders.Order_ID",
              "nativeQueryRef": "Order_ID"
            },
            {
              "field": {
                "Column": {
                  "Expression": {
                    "SourceRef": {
                      "Entity": "Orders"
                    }
                  },
                  "Property": "Product_SKU"
                }
              },
              "queryRef": "Orders.Product_SKU",
              "nativeQueryRef": "Product_SKU"
            },
            {
              "field": {
                "Aggregation": {
                  "Expression": {
                    "Column": {
                      "Expression": {
                        "SourceRef": {
                          "Entity": "Orders"
                        }
                      },
                      "Property": " Order_Quantity "
                    }
                  },
                  "Function": 0
                }
              },
              "queryRef": "Sum(Orders. Order_Quantity )",
              "nativeQueryRef": " Order_Quantity "
            },
            {
              "field": {
                "Aggregation": {
                  "Expression": {
                    "Column": {
                      "Expression": {
                        "SourceRef": {
                          "Entity": "Orders"
                        }
                      },
                      "Property": "Sales_Amount"
                    }
                  },
                  "Function": 0
                }
              },
              "queryRef": "Sum(Orders.Sales_Amount)",
              "nativeQueryRef": "Sales_Amount"
            }
          ]
        }
      },
      "sortDefinition": {
        "sort": [
          {
            "field": {
              "Column": {
                "Expression": {
                  "SourceRef": {
                    "Entity": "Orders"
                  }
                },
                "Property": "Order_ID"
              }
            },
            "direction": "Ascending"
          }
        ]
      }
    },
    "drillFilterOtherVisuals": true
  }
}