{
  "$schema": "https://developer.microsoft.com/json-schemas/fabric/item/report/definition/visualContainer/2.3.0/schema.json",
  "name": "2de66cf389f0cd8d6298",
  "position": {
    "x": 306.34790648527274,
    "y": 117.67005679566768,
    "z": 1000,
    "height": 123.75643904371945,
    "width": 210.99458459912825,
    "tabOrder": 2000
  },
  "visual": {
    "visualType": "card",
    "query": {
      "queryState": {
        "Values": {
          "projections": [
            {
              "field": {
                "Aggregation": {
                  "Expression": {
                    "Column": {
                      "Expression": {
                        "SourceRef": {
                          "Entity": "Databel - Data"
                        }
                      },
                      "Property": "Customer ID"
                    }
                  },
                  "Function": 2
                }
              },
              "queryRef": "Min(Databel - Data.Customer ID)"
            }
          ]
        }
      },
      "sortDefinition": {
        "sort": [
          {
            "field": {
              "Aggregation": {
                "Expression": {
                  "Column": {
                    "Expression": {
                      "SourceRef": {
                        "Entity": "Databel - Data"
                      }
                    },
                    "Property": "Customer ID"
                  }
                },
                "Function": 2
              }
            },
            "direction": "Descending"
          }
        ],
        "isDefaultSort": true
      }
    },
    "drillFilterOtherVisuals": true
  }
}