{
  "$schema": "https://developer.microsoft.com/json-schemas/fabric/item/report/definition/visualContainer/2.3.0/schema.json",
  "name": "f062b8b7e5e62c841860",
  "position": {
    "x": 406.00405679513182,
    "y": 27.748478701825558,
    "z": 1000,
    "height": 611.92697768762673,
    "width": 873.3468559837728,
    "tabOrder": 1000
  },
  "visual": {
    "visualType": "map",
    "query": {
      "queryState": {
        "Category": {
          "projections": [
            {
              "field": {
                "Column": {
                  "Expression": {
                    "SourceRef": {
                      "Entity": "Databel - Data"
                    }
                  },
                  "Property": "State"
                }
              },
              "queryRef": "Databel - Data.State",
              "active": true
            }
          ]
        },
        "Size": {
          "projections": [
            {
              "field": {
                "Measure": {
                  "Expression": {
                    "SourceRef": {
                      "Entity": "Databel - Data"
                    }
                  },
                  "Property": "Churn Rate"
                }
              },
              "queryRef": "Databel - Data.Churn Rate"
            }
          ]
        }
      }
    },
    "objects": {
      "heatMap": [
        {
          "properties": {
            "show": {
              "expr": {
                "Literal": {
                  "Value": "false"
                }
              }
            }
          }
        }
      ],
      "dataPoint": [
        {
          "properties": {
            "fill": {
              "solid": {
                "color": {
                  "expr": {
                    "FillRule": {
                      "Input": {
                        "Measure": {
                          "Expression": {
                            "SourceRef": {
                              "Entity": "Databel - Data"
                            }
                          },
                          "Property": "Churn Rate"
                        }
                      },
                      "FillRule": {
                        "linearGradient2": {
                          "min": {
                            "color": {
                              "Literal": {
                                "Value": "'#58EC64'"
                              }
                            }
                          },
                          "max": {
                            "color": {
                              "Literal": {
                                "Value": "'#D64550'"
                              }
                            }
                          },
                          "nullColoringStrategy": {
                            "strategy": {
                              "Literal": {
                                "Value": "'asZero'"
                              }
                            }
                          }
                        }
                      }
                    }
                  }
                }
              }
            }
          },
          "selector": {
            "data": [
              {
                "dataViewWildcard": {
                  "matchingOption": 1
                }
              }
            ]
          }
        }
      ]
    },
    "drillFilterOtherVisuals": true
  }
}