{
  "$schema": "https://developer.microsoft.com/json-schemas/fabric/item/report/definition/visualContainer/2.3.0/schema.json",
  "name": "ca2acbd17f5b69d7bc71",
  "position": {
    "x": 51.323828920570264,
    "y": 192.09775967413441,
    "z": 2000,
    "height": 123.17718940936864,
    "width": 211.16089613034623
  },
  "visual": {
    "visualType": "card",
    "query": {
      "queryState": {
        "Values": {
          "projections": [
            {
              "field": {
                "Measure": {
                  "Expression": {
                    "SourceRef": {
                      "Entity": "Databel - Data"
                    }
                  },
                  "Property": "Churn Rate"
                }
              },
              "queryRef": "Databel - Data.Churn Rate"
            }
          ]
        }
      },
      "sortDefinition": {
        "sort": [
          {
            "field": {
              "Measure": {
                "Expression": {
                  "SourceRef": {
                    "Entity": "Databel - Data"
                  }
                },
                "Property": "Churn Rate"
              }
            },
            "direction": "Descending"
          }
        ],
        "isDefaultSort": true
      }
    },
    "drillFilterOtherVisuals": true
  }
}