{
  "$schema": "https://developer.microsoft.com/json-schemas/fabric/item/report/definition/bookmark/1.4.0/schema.json",
  "displayName": "Bookmark 1",
  "name": "Bookmark06500fbcfd7e9af6141c",
  "options": {
    "applyOnlyToTargetVisuals": true,
    "targetVisualNames": []
  },
  "explorationState": {
    "version": "1.3",
    "activeSection": "ReportSection0da0007f61773311eb77",
    "sections": {
      "ReportSection0da0007f61773311eb77": {
        "visualContainers": {}
      }
    },
    "objects": {
      "merge": {
        "outspacePane": [
          {
            "properties": {
              "expanded": {
                "expr": {
                  "Literal": {
                    "Value": "false"
                  }
                }
              }
            }
          }
        ]
      }
    }
  }
}