{
  "$schema": "https://developer.microsoft.com/json-schemas/fabric/item/report/definition/visualContainer/2.3.0/schema.json",
  "name": "fe1b9113c2c44dbc4f7e",
  "position": {
    "x": 9.756166413776068,
    "y": 0,
    "z": 0,
    "height": 720.33028688379966,
    "width": 1269.9276615265182
  },
  "visual": {
    "visualType": "clusteredColumnChart",
    "query": {
      "queryState": {
        "Category": {
          "projections": [
            {
              "field": {
                "Column": {
                  "Expression": {
                    "SourceRef": {
                      "Entity": "Products"
                    }
                  },
                  "Property": "Product_Gender"
                }
              },
              "queryRef": "Products.Product_Gender",
              "nativeQueryRef": "Product_Gender",
              "active": true
            }
          ]
        },
        "Rows": {
          "projections": [
            {
              "field": {
                "Column": {
                  "Expression": {
                    "SourceRef": {
                      "Entity": "Products"
                    }
                  },
                  "Property": "Product_Color"
                }
              },
              "queryRef": "Products.Product_Color",
              "nativeQueryRef": "Product_Color"
            }
          ]
        },
        "Y": {
          "projections": [
            {
              "field": {
                "Aggregation": {
                  "Expression": {
                    "Column": {
                      "Expression": {
                        "SourceRef": {
                          "Entity": "Orders"
                        }
                      },
                      "Property": " Order_Quantity "
                    }
                  },
                  "Function": 0
                }
              },
              "queryRef": "Sum(Orders. Order_Quantity )",
              "nativeQueryRef": " Order_Quantity "
            }
          ]
        }
      },
      "sortDefinition": {
        "sort": [
          {
            "field": {
              "Aggregation": {
                "Expression": {
                  "Column": {
                    "Expression": {
                      "SourceRef": {
                        "Entity": "Orders"
                      }
                    },
                    "Property": " Order_Quantity "
                  }
                },
                "Function": 0
              }
            },
            "direction": "Descending"
          }
        ],
        "isDefaultSort": true
      }
    },
    "objects": {
      "smallMultiplesLayout": [
        {
          "properties": {
            "rowCount": {
              "expr": {
                "Literal": {
                  "Value": "4L"
                }
              }
            },
            "columnCount": {
              "expr": {
                "Literal": {
                  "Value": "3L"
                }
              }
            },
            "gridPadding": {
              "expr": {
                "Literal": {
                  "Value": "12D"
                }
              }
            }
          }
        }
      ],
      "categoryAxis": [
        {
          "properties": {
            "showAxisTitle": {
              "expr": {
                "Literal": {
                  "Value": "false"
                }
              }
            }
          }
        }
      ],
      "valueAxis": [
        {
          "properties": {
            "showAxisTitle": {
              "expr": {
                "Literal": {
                  "Value": "false"
                }
              }
            }
          }
        }
      ]
    },
    "visualContainerObjects": {
      "title": [
        {
          "properties": {
            "text": {
              "expr": {
                "Literal": {
                  "Value": "' Order Quantity  by Product Gender and Color'"
                }
              }
            }
          }
        }
      ]
    },
    "drillFilterOtherVisuals": true
  }
}