{
  "$schema": "https://developer.microsoft.com/json-schemas/fabric/item/report/definition/visualContainer/2.3.0/schema.json",
  "name": "4b0a2b9035acff927900",
  "position": {
    "x": 0,
    "y": 347.96993542467976,
    "z": 2000,
    "height": 356.10007410282645,
    "width": 666.67137160803134,
    "tabOrder": 2000
  },
  "visual": {
    "visualType": "lineClusteredColumnComboChart",
    "query": {
      "queryState": {
        "Category": {
          "projections": [
            {
              "field": {
                "HierarchyLevel": {
                  "Expression": {
                    "Hierarchy": {
                      "Expression": {
                        "PropertyVariationSource": {
                          "Expression": {
                            "SourceRef": {
                              "Entity": "Orders"
                            }
                          },
                          "Name": "Variation",
                          "Property": "Order_Date"
                        }
                      },
                      "Hierarchy": "Date Hierarchy"
                    }
                  },
                  "Level": "Year"
                }
              },
              "queryRef": "Orders.Order_Date.Variation.Date Hierarchy.Year",
              "nativeQueryRef": "Order_Date Year",
              "active": true
            },
            {
              "field": {
                "HierarchyLevel": {
                  "Expression": {
                    "Hierarchy": {
                      "Expression": {
                        "PropertyVariationSource": {
                          "Expression": {
                            "SourceRef": {
                              "Entity": "Orders"
                            }
                          },
                          "Name": "Variation",
                          "Property": "Order_Date"
                        }
                      },
                      "Hierarchy": "Date Hierarchy"
                    }
                  },
                  "Level": "Month"
                }
              },
              "queryRef": "Orders.Order_Date.Variation.Date Hierarchy.Month",
              "nativeQueryRef": "Order_Date Month",
              "active": true
            }
          ]
        },
        "Y": {
          "projections": [
            {
              "field": {
                "Aggregation": {
                  "Expression": {
                    "Column": {
                      "Expression": {
                        "SourceRef": {
                          "Entity": "Orders"
                        }
                      },
                      "Property": "Profit"
                    }
                  },
                  "Function": 0
                }
              },
              "queryRef": "Sum(Orders.Profit)",
              "nativeQueryRef": "Profit"
            }
          ]
        },
        "Y2": {
          "projections": [
            {
              "field": {
                "Aggregation": {
                  "Expression": {
                    "Column": {
                      "Expression": {
                        "SourceRef": {
                          "Entity": "Orders"
                        }
                      },
                      "Property": "Profit_Margin"
                    }
                  },
                  "Function": 1
                }
              },
              "queryRef": "Sum(Orders.Profit_Margin)",
              "nativeQueryRef": "Average of Profit_Margin"
            }
          ]
        }
      }
    },
    "objects": {
      "categoryAxis": [
        {
          "properties": {
            "titleText": {
              "expr": {
                "Literal": {
                  "Value": "'Month and Year'"
                }
              }
            }
          }
        }
      ]
    },
    "visualContainerObjects": {
      "title": [
        {
          "properties": {
            "text": {
              "expr": {
                "Literal": {
                  "Value": "'Gross Profit and Average Profit Margin over Time'"
                }
              }
            }
          }
        }
      ]
    },
    "drillFilterOtherVisuals": true
  }
}