{
  "$schema": "https://developer.microsoft.com/json-schemas/fabric/item/report/definition/visualContainer/2.3.0/schema.json",
  "name": "e0a7d58e6f46f60d8040",
  "position": {
    "x": 971.0998976675254,
    "y": 0,
    "z": 3000,
    "height": 420.05716503758072,
    "width": 828.82247079995773,
    "tabOrder": 3000
  },
  "visual": {
    "visualType": "scatterChart",
    "query": {
      "queryState": {
        "Category": {
          "projections": [
            {
              "field": {
                "HierarchyLevel": {
                  "Expression": {
                    "Hierarchy": {
                      "Expression": {
                        "PropertyVariationSource": {
                          "Expression": {
                            "SourceRef": {
                              "Entity": "Orders"
                            }
                          },
                          "Name": "Variation",
                          "Property": "Order_Date"
                        }
                      },
                      "Hierarchy": "Date Hierarchy"
                    }
                  },
                  "Level": "Year"
                }
              },
              "queryRef": "Orders.Order_Date.Variation.Date Hierarchy.Year",
              "nativeQueryRef": "Order_Date Year",
              "active": true
            },
            {
              "field": {
                "HierarchyLevel": {
                  "Expression": {
                    "Hierarchy": {
                      "Expression": {
                        "PropertyVariationSource": {
                          "Expression": {
                            "SourceRef": {
                              "Entity": "Orders"
                            }
                          },
                          "Name": "Variation",
                          "Property": "Order_Date"
                        }
                      },
                      "Hierarchy": "Date Hierarchy"
                    }
                  },
                  "Level": "Quarter"
                }
              },
              "queryRef": "Orders.Order_Date.Variation.Date Hierarchy.Quarter",
              "nativeQueryRef": "Order_Date Quarter",
              "active": true
            },
            {
              "field": {
                "HierarchyLevel": {
                  "Expression": {
                    "Hierarchy": {
                      "Expression": {
                        "PropertyVariationSource": {
                          "Expression": {
                            "SourceRef": {
                              "Entity": "Orders"
                            }
                          },
                          "Name": "Variation",
                          "Property": "Order_Date"
                        }
                      },
                      "Hierarchy": "Date Hierarchy"
                    }
                  },
                  "Level": "Month"
                }
              },
              "queryRef": "Orders.Order_Date.Variation.Date Hierarchy.Month",
              "nativeQueryRef": "Order_Date Month",
              "active": true
            },
            {
              "field": {
                "HierarchyLevel": {
                  "Expression": {
                    "Hierarchy": {
                      "Expression": {
                        "PropertyVariationSource": {
                          "Expression": {
                            "SourceRef": {
                              "Entity": "Orders"
                            }
                          },
                          "Name": "Variation",
                          "Property": "Order_Date"
                        }
                      },
                      "Hierarchy": "Date Hierarchy"
                    }
                  },
                  "Level": "Day"
                }
              },
              "queryRef": "Orders.Order_Date.Variation.Date Hierarchy.Day",
              "nativeQueryRef": "Order_Date Day",
              "active": true
            }
          ]
        },
        "X": {
          "projections": [
            {
              "field": {
                "Aggregation": {
                  "Expression": {
                    "Column": {
                      "Expression": {
                        "SourceRef": {
                          "Entity": "Orders"
                        }
                      },
                      "Property": "Sales_Amount"
                    }
                  },
                  "Function": 0
                }
              },
              "queryRef": "Sum(Orders.Sales_Amount)",
              "nativeQueryRef": "Sales_Amount",
              "active": true
            }
          ]
        },
        "Y": {
          "projections": [
            {
              "field": {
                "Aggregation": {
                  "Expression": {
                    "Column": {
                      "Expression": {
                        "SourceRef": {
                          "Entity": "Orders"
                        }
                      },
                      "Property": "Cost_of_Goods_Sold"
                    }
                  },
                  "Function": 0
                }
              },
              "queryRef": "Sum(Orders.Cost_of_Goods_Sold)",
              "nativeQueryRef": "Cost_of_Goods_Sold"
            }
          ]
        }
      }
    },
    "objects": {
      "valueAxis": [
        {
          "properties": {
            "titleText": {
              "expr": {
                "Literal": {
                  "Value": "'Cost of Goods Sold'"
                }
              }
            }
          }
        }
      ],
      "categoryAxis": [
        {
          "properties": {
            "titleText": {
              "expr": {
                "Literal": {
                  "Value": "'Sales Amount'"
                }
              }
            }
          }
        }
      ]
    },
    "visualContainerObjects": {
      "title": [
        {
          "properties": {
            "text": {
              "expr": {
                "Literal": {
                  "Value": "'Sales Amount and Cost of Goods Sold by Year, Quarter, Month and Day'"
                }
              }
            }
          }
        }
      ]
    },
    "drillFilterOtherVisuals": true
  }
}