{
  "$schema": "https://developer.microsoft.com/json-schemas/fabric/item/report/definition/visualContainer/2.3.0/schema.json",
  "name": "78c3b0660c5526b25b52",
  "position": {
    "x": 0,
    "y": 0,
    "z": 0,
    "height": 133.59223300970874,
    "width": 380.58252427184465
  },
  "visual": {
    "visualType": "tableEx",
    "query": {
      "queryState": {
        "Values": {
          "projections": [
            {
              "field": {
                "Measure": {
                  "Expression": {
                    "SourceRef": {
                      "Entity": "Databel - Data"
                    }
                  },
                  "Property": "Churn Rate"
                }
              },
              "queryRef": "Databel - Data.Churn Rate"
            },
            {
              "field": {
                "Measure": {
                  "Expression": {
                    "SourceRef": {
                      "Entity": "Databel - Data"
                    }
                  },
                  "Property": "Number of Customers"
                }
              },
              "queryRef": "Databel - Data.Number of Costumers"
            },
            {
              "field": {
                "Column": {
                  "Expression": {
                    "SourceRef": {
                      "Entity": "Databel - Data"
                    }
                  },
                  "Property": "Unlimited Data Plan"
                }
              },
              "queryRef": "Databel - Data.Unlimited Data Plan"
            }
          ]
        }
      }
    },
    "drillFilterOtherVisuals": true
  }
}