{
  "$schema": "https://developer.microsoft.com/json-schemas/fabric/item/report/definition/report/3.0.0/schema.json",
  "themeCollection": {
    "baseTheme": {
      "name": "CY21SU03",
      "reportVersionAtImport": {
        "visual": "1.8.55",
        "report": "2.0.55",
        "page": "1.3.55"
      },
      "type": "SharedResources"
    }
  },
  "objects": {
    "section": [
      {
        "properties": {
          "verticalAlignment": {
            "expr": {
              "Literal": {
                "Value": "'Top'"
              }
            }
          }
        }
      }
    ],
    "outspacePane": [
      {
        "properties": {
          "expanded": {
            "expr": {
              "Literal": {
                "Value": "false"
              }
            }
          }
        }
      }
    ]
  },
  "resourcePackages": [
    {
      "name": "SharedResources",
      "type": "SharedResources",
      "items": [
        {
          "name": "CY21SU03",
          "path": "BaseThemes/CY21SU03.json",
          "type": "BaseTheme"
        }
      ]
    }
  ],
  "settings": {
    "useStylableVisualContainerHeader": true,
    "exportDataMode": "AllowSummarized",
    "defaultDrillFilterOtherVisuals": true,
    "allowChangeFilterTypes": true,
    "useEnhancedTooltips": true
  },
  "slowDataSourceSettings": {
    "isCrossHighlightingDisabled": false,
    "isSlicerSelectionsButtonEnabled": false,
    "isFilterSelectionsButtonEnabled": false,
    "isFieldWellButtonEnabled": false,
    "isApplyAllButtonEnabled": false
  }
}