{
  "$schema": "https://developer.microsoft.com/json-schemas/fabric/item/report/definition/visualContainer/2.3.0/schema.json",
  "name": "43b1dc85165020829e74",
  "position": {
    "x": 20.529531568228105,
    "y": 23.462321792260692,
    "z": 0,
    "height": 337.27087576374743,
    "width": 526.43584521384923
  },
  "visual": {
    "visualType": "lineStackedColumnComboChart",
    "query": {
      "queryState": {
        "Category": {
          "projections": [
            {
              "field": {
                "Column": {
                  "Expression": {
                    "SourceRef": {
                      "Entity": "Databel - Data"
                    }
                  },
                  "Property": "Number of Customers in Group"
                }
              },
              "queryRef": "Databel - Data.Number of Customers in Group",
              "active": true
            }
          ]
        },
        "Series": {
          "projections": [
            {
              "field": {
                "Column": {
                  "Expression": {
                    "SourceRef": {
                      "Entity": "Databel - Data"
                    }
                  },
                  "Property": "Group"
                }
              },
              "queryRef": "Databel - Data.Group"
            }
          ]
        },
        "Y": {
          "projections": [
            {
              "field": {
                "Aggregation": {
                  "Expression": {
                    "Column": {
                      "Expression": {
                        "SourceRef": {
                          "Entity": "Databel - Data"
                        }
                      },
                      "Property": "Monthly Charge"
                    }
                  },
                  "Function": 1
                }
              },
              "queryRef": "Sum(Databel - Data.Monthly Charge)"
            }
          ]
        },
        "Y2": {
          "projections": [
            {
              "field": {
                "Measure": {
                  "Expression": {
                    "SourceRef": {
                      "Entity": "Databel - Data"
                    }
                  },
                  "Property": "Churn Rate"
                }
              },
              "queryRef": "Databel - Data.Churn Rate"
            }
          ]
        }
      },
      "sortDefinition": {
        "sort": [
          {
            "field": {
              "Aggregation": {
                "Expression": {
                  "Column": {
                    "Expression": {
                      "SourceRef": {
                        "Entity": "Databel - Data"
                      }
                    },
                    "Property": "Monthly Charge"
                  }
                },
                "Function": 1
              }
            },
            "direction": "Descending"
          }
        ],
        "isDefaultSort": true
      }
    },
    "visualContainerObjects": {
      "title": [
        {
          "properties": {
            "text": {
              "expr": {
                "Literal": {
                  "Value": "'Average of Monthly Charge and Churn Rate by Customers in Groups'"
                }
              }
            }
          }
        }
      ]
    },
    "drillFilterOtherVisuals": true
  }
}