{
  "$schema": "https://developer.microsoft.com/json-schemas/fabric/item/report/definition/visualContainer/2.3.0/schema.json",
  "name": "d27b62c4d091c26232e7",
  "position": {
    "x": 13.694360058116498,
    "y": 394.09325056135253,
    "z": 4000,
    "height": 325.62145027077,
    "width": 1252.2731475366531,
    "tabOrder": 5000
  },
  "visual": {
    "visualType": "lineChart",
    "query": {
      "queryState": {
        "Category": {
          "projections": [
            {
              "field": {
                "Column": {
                  "Expression": {
                    "SourceRef": {
                      "Entity": "Databel - Data"
                    }
                  },
                  "Property": "State"
                }
              },
              "queryRef": "Databel - Data.State",
              "active": true
            }
          ]
        },
        "Series": {
          "projections": [
            {
              "field": {
                "Column": {
                  "Expression": {
                    "SourceRef": {
                      "Entity": "Databel - Data"
                    }
                  },
                  "Property": "Churn Label"
                }
              },
              "queryRef": "Databel - Data.Churn Label"
            }
          ]
        },
        "Y": {
          "projections": [
            {
              "field": {
                "Measure": {
                  "Expression": {
                    "SourceRef": {
                      "Entity": "Databel - Data"
                    }
                  },
                  "Property": "Avg Customer Service Calls"
                }
              },
              "queryRef": "Databel - Data.Avg Customer Service Calls"
            }
          ]
        }
      },
      "sortDefinition": {
        "sort": [
          {
            "field": {
              "Column": {
                "Expression": {
                  "SourceRef": {
                    "Entity": "Databel - Data"
                  }
                },
                "Property": "State"
              }
            },
            "direction": "Ascending"
          }
        ]
      }
    },
    "objects": {
      "lineStyles": [
        {
          "properties": {
            "showMarker": {
              "expr": {
                "Literal": {
                  "Value": "true"
                }
              }
            }
          }
        }
      ]
    },
    "drillFilterOtherVisuals": true
  }
}