{
  "$schema": "https://developer.microsoft.com/json-schemas/fabric/item/report/definition/visualContainer/2.3.0/schema.json",
  "name": "d55765feb7f0ece02956",
  "position": {
    "x": 48.691057984414208,
    "y": 261.71443666622639,
    "z": 3000,
    "height": 697.90516444327034,
    "width": 624.86857746664907,
    "tabOrder": 4000
  },
  "visual": {
    "visualType": "clusteredBarChart",
    "query": {
      "queryState": {
        "Category": {
          "projections": [
            {
              "field": {
                "Column": {
                  "Expression": {
                    "SourceRef": {
                      "Entity": "Databel - Data"
                    }
                  },
                  "Property": "Churn Reason"
                }
              },
              "queryRef": "Databel - Data.Churn Reason",
              "active": true
            }
          ]
        },
        "Y": {
          "projections": [
            {
              "field": {
                "Arithmetic": {
                  "Left": {
                    "Aggregation": {
                      "Expression": {
                        "Column": {
                          "Expression": {
                            "SourceRef": {
                              "Entity": "Databel - Data"
                            }
                          },
                          "Property": "Number of Customers in Group"
                        }
                      },
                      "Function": 5
                    }
                  },
                  "Right": {
                    "ScopedEval": {
                      "Expression": {
                        "Aggregation": {
                          "Expression": {
                            "Column": {
                              "Expression": {
                                "SourceRef": {
                                  "Entity": "Databel - Data"
                                }
                              },
                              "Property": "Number of Customers in Group"
                            }
                          },
                          "Function": 5
                        }
                      },
                      "Scope": []
                    }
                  },
                  "Operator": 3
                }
              },
              "queryRef": "CountNonNull(Databel - Data.Number of Customers in Group)"
            }
          ]
        }
      },
      "sortDefinition": {
        "sort": [
          {
            "field": {
              "Arithmetic": {
                "Left": {
                  "Aggregation": {
                    "Expression": {
                      "Column": {
                        "Expression": {
                          "SourceRef": {
                            "Entity": "Databel - Data"
                          }
                        },
                        "Property": "Number of Customers in Group"
                      }
                    },
                    "Function": 5
                  }
                },
                "Right": {
                  "ScopedEval": {
                    "Expression": {
                      "Aggregation": {
                        "Expression": {
                          "Column": {
                            "Expression": {
                              "SourceRef": {
                                "Entity": "Databel - Data"
                              }
                            },
                            "Property": "Number of Customers in Group"
                          }
                        },
                        "Function": 5
                      }
                    },
                    "Scope": []
                  }
                },
                "Operator": 3
              }
            },
            "direction": "Descending"
          }
        ],
        "isDefaultSort": true
      }
    },
    "objects": {
      "categoryAxis": [
        {
          "properties": {
            "fontSize": {
              "expr": {
                "Literal": {
                  "Value": "12D"
                }
              }
            },
            "titleText": {
              "expr": {
                "Literal": {
                  "Value": "'Churn Reasons'"
                }
              }
            },
            "titleFontSize": {
              "expr": {
                "Literal": {
                  "Value": "14D"
                }
              }
            },
            "concatenateLabels": {
              "expr": {
                "Literal": {
                  "Value": "true"
                }
              }
            }
          }
        }
      ],
      "valueAxis": [
        {
          "properties": {
            "fontSize": {
              "expr": {
                "Literal": {
                  "Value": "11D"
                }
              }
            },
            "titleText": {
              "expr": {
                "Literal": {
                  "Value": "'% of Total Number of Customers'"
                }
              }
            },
            "titleFontSize": {
              "expr": {
                "Literal": {
                  "Value": "14D"
                }
              }
            }
          }
        }
      ],
      "dataPoint": [
        {
          "properties": {
            "fill": {
              "solid": {
                "color": {
                  "expr": {
                    "Literal": {
                      "Value": "'#0FFF67'"
                    }
                  }
                }
              }
            }
          }
        }
      ]
    },
    "visualContainerObjects": {
      "title": [
        {
          "properties": {
            "alignment": {
              "expr": {
                "Literal": {
                  "Value": "'center'"
                }
              }
            },
            "text": {
              "expr": {
                "Literal": {
                  "Value": "'Churn Reasons'"
                }
              }
            },
            "fontSize": {
              "expr": {
                "Literal": {
                  "Value": "19D"
                }
              }
            }
          }
        }
      ]
    },
    "drillFilterOtherVisuals": true
  },
  "filterConfig": {
    "filters": [
      {
        "name": "Filterce2ee9d9f1d8d232006b",
        "field": {
          "Column": {
            "Expression": {
              "SourceRef": {
                "Entity": "Databel - Data"
              }
            },
            "Property": "Churn Reason"
          }
        },
        "type": "Categorical",
        "objects": {
          "general": [
            {
              "properties": {
                "isInvertedSelectionMode": {
                  "expr": {
                    "Literal": {
                      "Value": "true"
                    }
                  }
                }
              }
            }
          ]
        }
      },
      {
        "name": "b734174b98ce6e33eba9",
        "field": {
          "Aggregation": {
            "Expression": {
              "Column": {
                "Expression": {
                  "SourceRef": {
                    "Entity": "Databel - Data"
                  }
                },
                "Property": "Number of Customers in Group"
              }
            },
            "Function": 0
          }
        },
        "type": "Advanced",
        "howCreated": "User"
      },
      {
        "name": "34f9d82099e1ed1b2ad2",
        "field": {
          "Arithmetic": {
            "Left": {
              "Aggregation": {
                "Expression": {
                  "Column": {
                    "Expression": {
                      "SourceRef": {
                        "Entity": "Databel - Data"
                      }
                    },
                    "Property": "Number of Customers in Group"
                  }
                },
                "Function": 0
              }
            },
            "Right": {
              "ScopedEval": {
                "Expression": {
                  "Aggregation": {
                    "Expression": {
                      "Column": {
                        "Expression": {
                          "SourceRef": {
                            "Entity": "Databel - Data"
                          }
                        },
                        "Property": "Number of Customers in Group"
                      }
                    },
                    "Function": 0
                  }
                },
                "Scope": []
              }
            },
            "Operator": 3
          }
        },
        "type": "Advanced",
        "howCreated": "User"
      },
      {
        "name": "Filtera320127c5c02107f77bd",
        "field": {
          "Column": {
            "Expression": {
              "SourceRef": {
                "Entity": "Databel - Data"
              }
            },
            "Property": "Churn Label"
          }
        },
        "type": "Categorical",
        "filter": {
          "Version": 2,
          "From": [
            {
              "Name": "d",
              "Entity": "Databel - Data",
              "Type": 0
            }
          ],
          "Where": [
            {
              "Condition": {
                "In": {
                  "Expressions": [
                    {
                      "Column": {
                        "Expression": {
                          "SourceRef": {
                            "Source": "d"
                          }
                        },
                        "Property": "Churn Label"
                      }
                    }
                  ],
                  "Values": [
                    [
                      {
                        "Literal": {
                          "Value": "'Yes'"
                        }
                      }
                    ]
                  ]
                }
              }
            }
          ]
        },
        "howCreated": "User"
      }
    ]
  }
}