{
  "$schema": "https://developer.microsoft.com/json-schemas/fabric/item/report/definition/visualContainer/2.3.0/schema.json",
  "name": "9c6a06ceef6c81bc0dd7",
  "position": {
    "x": 9.756166413776068,
    "y": 0,
    "z": 0,
    "height": 556.10148558523588,
    "width": 998.3810296764176
  },
  "visual": {
    "visualType": "barChart",
    "query": {
      "queryState": {
        "Category": {
          "projections": [
            {
              "field": {
                "Column": {
                  "Expression": {
                    "SourceRef": {
                      "Entity": "Retailers"
                    }
                  },
                  "Property": "Retailer_Channel"
                }
              },
              "queryRef": "Retailers.Retailer_Channel",
              "nativeQueryRef": "Retailer_Channel",
              "active": true
            }
          ]
        },
        "Series": {
          "projections": [
            {
              "field": {
                "Column": {
                  "Expression": {
                    "SourceRef": {
                      "Entity": "Products"
                    }
                  },
                  "Property": "Product_Category"
                }
              },
              "queryRef": "Products.Product_Category",
              "nativeQueryRef": "Product_Category"
            }
          ]
        },
        "Y": {
          "projections": [
            {
              "field": {
                "Aggregation": {
                  "Expression": {
                    "Column": {
                      "Expression": {
                        "SourceRef": {
                          "Entity": "Orders"
                        }
                      },
                      "Property": " Order_Quantity "
                    }
                  },
                  "Function": 0
                }
              },
              "queryRef": "Sum(Orders. Order_Quantity )",
              "nativeQueryRef": " Order_Quantity "
            }
          ]
        }
      },
      "sortDefinition": {
        "sort": [
          {
            "field": {
              "Aggregation": {
                "Expression": {
                  "Column": {
                    "Expression": {
                      "SourceRef": {
                        "Entity": "Orders"
                      }
                    },
                    "Property": " Order_Quantity "
                  }
                },
                "Function": 0
              }
            },
            "direction": "Descending"
          }
        ],
        "isDefaultSort": true
      }
    },
    "objects": {
      "categoryAxis": [
        {
          "properties": {
            "showAxisTitle": {
              "expr": {
                "Literal": {
                  "Value": "false"
                }
              }
            }
          }
        }
      ],
      "valueAxis": [
        {
          "properties": {
            "titleText": {
              "expr": {
                "Literal": {
                  "Value": "'Total Order Quantity'"
                }
              }
            },
            "titleFontSize": {
              "expr": {
                "Literal": {
                  "Value": "15D"
                }
              }
            }
          }
        }
      ],
      "legend": [
        {
          "properties": {
            "showTitle": {
              "expr": {
                "Literal": {
                  "Value": "true"
                }
              }
            }
          }
        }
      ]
    },
    "visualContainerObjects": {
      "title": [
        {
          "properties": {
            "text": {
              "expr": {
                "Literal": {
                  "Value": "'Total Order Quantity per Channel by Category'"
                }
              }
            },
            "fontSize": {
              "expr": {
                "Literal": {
                  "Value": "22D"
                }
              }
            }
          }
        }
      ]
    },
    "drillFilterOtherVisuals": true
  }
}