{
  "$schema": "https://developer.microsoft.com/json-schemas/fabric/item/report/definition/visualContainer/2.3.0/schema.json",
  "name": "ca697039089d4e0fc801",
  "position": {
    "x": 366.59877800407332,
    "y": 49.857433808553971,
    "z": 4000,
    "height": 123.17718940936864,
    "width": 211.16089613034623
  },
  "visual": {
    "visualType": "card",
    "query": {
      "queryState": {
        "Values": {
          "projections": [
            {
              "field": {
                "Aggregation": {
                  "Expression": {
                    "Column": {
                      "Expression": {
                        "SourceRef": {
                          "Entity": "Databel - Data"
                        }
                      },
                      "Property": "Customer ID"
                    }
                  },
                  "Function": 2
                }
              },
              "queryRef": "Min(Databel - Data.Customer ID)"
            }
          ]
        }
      },
      "sortDefinition": {
        "sort": [
          {
            "field": {
              "Aggregation": {
                "Expression": {
                  "Column": {
                    "Expression": {
                      "SourceRef": {
                        "Entity": "Databel - Data"
                      }
                    },
                    "Property": "Customer ID"
                  }
                },
                "Function": 2
              }
            },
            "direction": "Descending"
          }
        ],
        "isDefaultSort": true
      }
    },
    "drillFilterOtherVisuals": true
  }
}