{
  "$schema": "https://developer.microsoft.com/json-schemas/fabric/item/report/definition/visualContainer/2.3.0/schema.json",
  "name": "4f5ec96a658d5509284f",
  "position": {
    "x": 555.55947634002609,
    "y": 200.99509509862733,
    "z": 1000,
    "height": 196.47835138854583,
    "width": 345.53089382123579,
    "tabOrder": 1000
  },
  "visual": {
    "visualType": "slicer",
    "query": {
      "queryState": {
        "Values": {
          "projections": [
            {
              "field": {
                "HierarchyLevel": {
                  "Expression": {
                    "Hierarchy": {
                      "Expression": {
                        "PropertyVariationSource": {
                          "Expression": {
                            "SourceRef": {
                              "Entity": "Orders"
                            }
                          },
                          "Name": "Variation",
                          "Property": "Order_Date"
                        }
                      },
                      "Hierarchy": "Date Hierarchy"
                    }
                  },
                  "Level": "Year"
                }
              },
              "queryRef": "Orders.Order_Date.Variation.Date Hierarchy.Year",
              "nativeQueryRef": "Order_Date Year",
              "active": true
            }
          ]
        }
      },
      "sortDefinition": {
        "sort": [
          {
            "field": {
              "HierarchyLevel": {
                "Expression": {
                  "Hierarchy": {
                    "Expression": {
                      "PropertyVariationSource": {
                        "Expression": {
                          "SourceRef": {
                            "Entity": "Orders"
                          }
                        },
                        "Name": "Variation",
                        "Property": "Order_Date"
                      }
                    },
                    "Hierarchy": "Date Hierarchy"
                  }
                },
                "Level": "Year"
              }
            },
            "direction": "Ascending"
          }
        ],
        "isDefaultSort": true
      }
    },
    "objects": {
      "data": [
        {
          "properties": {
            "numericStart": {
              "expr": {
                "Literal": {
                  "Value": "2020D"
                }
              }
            },
            "mode": {
              "expr": {
                "Literal": {
                  "Value": "'Between'"
                }
              }
            }
          }
        }
      ],
      "general": [
        {
          "properties": {
            "filter": {
              "filter": {
                "Version": 2,
                "From": [
                  {
                    "Name": "o",
                    "Entity": "Orders",
                    "Type": 0
                  }
                ],
                "Where": [
                  {
                    "Condition": {
                      "Comparison": {
                        "ComparisonKind": 2,
                        "Left": {
                          "HierarchyLevel": {
                            "Expression": {
                              "Hierarchy": {
                                "Expression": {
                                  "PropertyVariationSource": {
                                    "Expression": {
                                      "SourceRef": {
                                        "Source": "o"
                                      }
                                    },
                                    "Name": "Variation",
                                    "Property": "Order_Date"
                                  }
                                },
                                "Hierarchy": "Date Hierarchy"
                              }
                            },
                            "Level": "Year"
                          }
                        },
                        "Right": {
                          "Literal": {
                            "Value": "2020D"
                          }
                        }
                      }
                    }
                  }
                ]
              }
            }
          }
        }
      ]
    },
    "drillFilterOtherVisuals": true
  }
}