{
  "$schema": "https://developer.microsoft.com/json-schemas/fabric/item/report/definition/visualContainer/2.3.0/schema.json",
  "name": "2d1594c5e01134999fec",
  "position": {
    "x": 0,
    "y": 387.12830957230142,
    "z": 1000,
    "height": 332.87169042769858,
    "width": 546.96537678207733
  },
  "visual": {
    "visualType": "pieChart",
    "query": {
      "queryState": {
        "Category": {
          "projections": [
            {
              "field": {
                "Column": {
                  "Expression": {
                    "SourceRef": {
                      "Entity": "Databel - Data"
                    }
                  },
                  "Property": "Churn Category"
                }
              },
              "queryRef": "Databel - Data.Churn Category",
              "active": true
            }
          ]
        },
        "Y": {
          "projections": [
            {
              "field": {
                "Arithmetic": {
                  "Left": {
                    "Aggregation": {
                      "Expression": {
                        "Column": {
                          "Expression": {
                            "SourceRef": {
                              "Entity": "Databel - Data"
                            }
                          },
                          "Property": "Churn Label"
                        }
                      },
                      "Function": 5
                    }
                  },
                  "Right": {
                    "ScopedEval": {
                      "Expression": {
                        "Aggregation": {
                          "Expression": {
                            "Column": {
                              "Expression": {
                                "SourceRef": {
                                  "Entity": "Databel - Data"
                                }
                              },
                              "Property": "Churn Label"
                            }
                          },
                          "Function": 5
                        }
                      },
                      "Scope": []
                    }
                  },
                  "Operator": 3
                }
              },
              "queryRef": "CountNonNull(Databel - Data.Churn Label)"
            }
          ]
        }
      },
      "sortDefinition": {
        "sort": [
          {
            "field": {
              "Arithmetic": {
                "Left": {
                  "Aggregation": {
                    "Expression": {
                      "Column": {
                        "Expression": {
                          "SourceRef": {
                            "Entity": "Databel - Data"
                          }
                        },
                        "Property": "Churn Label"
                      }
                    },
                    "Function": 5
                  }
                },
                "Right": {
                  "ScopedEval": {
                    "Expression": {
                      "Aggregation": {
                        "Expression": {
                          "Column": {
                            "Expression": {
                              "SourceRef": {
                                "Entity": "Databel - Data"
                              }
                            },
                            "Property": "Churn Label"
                          }
                        },
                        "Function": 5
                      }
                    },
                    "Scope": []
                  }
                },
                "Operator": 3
              }
            },
            "direction": "Descending"
          }
        ],
        "isDefaultSort": true
      }
    },
    "objects": {
      "dataPoint": [
        {
          "properties": {
            "fill": {
              "solid": {
                "color": {
                  "expr": {
                    "Literal": {
                      "Value": "'#44F762'"
                    }
                  }
                }
              }
            }
          },
          "selector": {
            "data": [
              {
                "scopeId": {
                  "Comparison": {
                    "ComparisonKind": 0,
                    "Left": {
                      "Column": {
                        "Expression": {
                          "SourceRef": {
                            "Entity": "Databel - Data"
                          }
                        },
                        "Property": "Churn Category"
                      }
                    },
                    "Right": {
                      "Literal": {
                        "Value": "'Attitude'"
                      }
                    }
                  }
                }
              }
            ]
          }
        },
        {
          "properties": {
            "fill": {
              "solid": {
                "color": {
                  "expr": {
                    "ThemeDataColor": {
                      "ColorId": 1,
                      "Percent": 0
                    }
                  }
                }
              }
            }
          },
          "selector": {
            "data": [
              {
                "scopeId": {
                  "Comparison": {
                    "ComparisonKind": 0,
                    "Left": {
                      "Column": {
                        "Expression": {
                          "SourceRef": {
                            "Entity": "Databel - Data"
                          }
                        },
                        "Property": "Churn Category"
                      }
                    },
                    "Right": {
                      "Literal": {
                        "Value": "'Competitor'"
                      }
                    }
                  }
                }
              }
            ]
          }
        },
        {
          "properties": {
            "fill": {
              "solid": {
                "color": {
                  "expr": {
                    "ThemeDataColor": {
                      "ColorId": 2,
                      "Percent": 0.2
                    }
                  }
                }
              }
            }
          },
          "selector": {
            "data": [
              {
                "scopeId": {
                  "Comparison": {
                    "ComparisonKind": 0,
                    "Left": {
                      "Column": {
                        "Expression": {
                          "SourceRef": {
                            "Entity": "Databel - Data"
                          }
                        },
                        "Property": "Churn Category"
                      }
                    },
                    "Right": {
                      "Literal": {
                        "Value": "'Price'"
                      }
                    }
                  }
                }
              }
            ]
          }
        },
        {
          "properties": {
            "fill": {
              "solid": {
                "color": {
                  "expr": {
                    "ThemeDataColor": {
                      "ColorId": 8,
                      "Percent": 0.4
                    }
                  }
                }
              }
            }
          },
          "selector": {
            "data": [
              {
                "scopeId": {
                  "Comparison": {
                    "ComparisonKind": 0,
                    "Left": {
                      "Column": {
                        "Expression": {
                          "SourceRef": {
                            "Entity": "Databel - Data"
                          }
                        },
                        "Property": "Churn Category"
                      }
                    },
                    "Right": {
                      "Literal": {
                        "Value": "'Dissatisfaction'"
                      }
                    }
                  }
                }
              }
            ]
          }
        },
        {
          "properties": {
            "fill": {
              "solid": {
                "color": {
                  "expr": {
                    "ThemeDataColor": {
                      "ColorId": 5,
                      "Percent": 0.2
                    }
                  }
                }
              }
            }
          },
          "selector": {
            "data": [
              {
                "scopeId": {
                  "Comparison": {
                    "ComparisonKind": 0,
                    "Left": {
                      "Column": {
                        "Expression": {
                          "SourceRef": {
                            "Entity": "Databel - Data"
                          }
                        },
                        "Property": "Churn Category"
                      }
                    },
                    "Right": {
                      "Literal": {
                        "Value": "'Other'"
                      }
                    }
                  }
                }
              }
            ]
          }
        },
        {
          "properties": {
            "fill": {
              "solid": {
                "color": {
                  "expr": {
                    "ThemeDataColor": {
                      "ColorId": 0,
                      "Percent": 0
                    }
                  }
                }
              }
            }
          },
          "selector": {
            "data": [
              {
                "scopeId": {
                  "Comparison": {
                    "ComparisonKind": 0,
                    "Left": {
                      "Column": {
                        "Expression": {
                          "SourceRef": {
                            "Entity": "Databel - Data"
                          }
                        },
                        "Property": "Churn Category"
                      }
                    },
                    "Right": {
                      "Literal": {
                        "Value": "''"
                      }
                    }
                  }
                }
              }
            ]
          }
        },
        {
          "properties": {
            "fill": {
              "solid": {
                "color": {
                  "expr": {
                    "ThemeDataColor": {
                      "ColorId": 7,
                      "Percent": -0.25
                    }
                  }
                }
              }
            }
          },
          "selector": {
            "data": [
              {
                "scopeId": {
                  "Comparison": {
                    "ComparisonKind": 0,
                    "Left": {
                      "Column": {
                        "Expression": {
                          "SourceRef": {
                            "Entity": "Databel - Data"
                          }
                        },
                        "Property": "Churn Category"
                      }
                    },
                    "Right": {
                      "Literal": {
                        "Value": "'Not informed'"
                      }
                    }
                  }
                }
              }
            ]
          }
        }
      ],
      "labels": [
        {
          "properties": {
            "labelStyle": {
              "expr": {
                "Literal": {
                  "Value": "'Data'"
                }
              }
            }
          }
        }
      ]
    },
    "visualContainerObjects": {
      "title": [
        {
          "properties": {
            "text": {
              "expr": {
                "Literal": {
                  "Value": "'Churn by category'"
                }
              }
            }
          }
        }
      ]
    },
    "drillFilterOtherVisuals": true
  },
  "filterConfig": {
    "filters": [
      {
        "name": "Filter87b87abc1167434af62f",
        "field": {
          "Column": {
            "Expression": {
              "SourceRef": {
                "Entity": "Databel - Data"
              }
            },
            "Property": "Churn Label"
          }
        },
        "type": "Categorical",
        "filter": {
          "Version": 2,
          "From": [
            {
              "Name": "d",
              "Entity": "Databel - Data",
              "Type": 0
            }
          ],
          "Where": [
            {
              "Condition": {
                "In": {
                  "Expressions": [
                    {
                      "Column": {
                        "Expression": {
                          "SourceRef": {
                            "Source": "d"
                          }
                        },
                        "Property": "Churn Label"
                      }
                    }
                  ],
                  "Values": [
                    [
                      {
                        "Literal": {
                          "Value": "'Yes'"
                        }
                      }
                    ]
                  ]
                }
              }
            }
          ]
        },
        "howCreated": "User"
      }
    ]
  }
}