{
  "$schema": "https://developer.microsoft.com/json-schemas/fabric/item/report/definition/visualContainer/2.3.0/schema.json",
  "name": "3863e1a895269fbc1ec1",
  "position": {
    "x": 0,
    "y": 0,
    "z": 0,
    "height": 720.33028688379966,
    "width": 954.47828081442526
  },
  "visual": {
    "visualType": "clusteredBarChart",
    "query": {
      "queryState": {
        "Category": {
          "projections": [
            {
              "field": {
                "Column": {
                  "Expression": {
                    "SourceRef": {
                      "Entity": "Products"
                    }
                  },
                  "Property": "Product_Name"
                }
              },
              "queryRef": "Products.Product_Name",
              "nativeQueryRef": "Product_Name",
              "active": true
            }
          ]
        },
        "Y": {
          "projections": [
            {
              "field": {
                "Aggregation": {
                  "Expression": {
                    "Column": {
                      "Expression": {
                        "SourceRef": {
                          "Entity": "Orders"
                        }
                      },
                      "Property": "Sales_Amount"
                    }
                  },
                  "Function": 0
                }
              },
              "queryRef": "Sum(Orders.Sales_Amount)",
              "nativeQueryRef": "Sales_Amount"
            }
          ]
        }
      },
      "sortDefinition": {
        "sort": [
          {
            "field": {
              "Aggregation": {
                "Expression": {
                  "Column": {
                    "Expression": {
                      "SourceRef": {
                        "Entity": "Orders"
                      }
                    },
                    "Property": "Sales_Amount"
                  }
                },
                "Function": 0
              }
            },
            "direction": "Descending"
          }
        ],
        "isDefaultSort": true
      }
    },
    "objects": {
      "valueAxis": [
        {
          "properties": {
            "labelDisplayUnits": {
              "expr": {
                "Literal": {
                  "Value": "1D"
                }
              }
            },
            "labelPrecision": {
              "expr": {
                "Literal": {
                  "Value": "0L"
                }
              }
            },
            "titleText": {
              "expr": {
                "Literal": {
                  "Value": "'Sales Amount'"
                }
              }
            }
          }
        }
      ],
      "y1AxisReferenceLine": [
        {
          "properties": {
            "show": {
              "expr": {
                "Literal": {
                  "Value": "true"
                }
              }
            },
            "displayName": {
              "expr": {
                "Literal": {
                  "Value": "'Ideal Salas Amount'"
                }
              }
            },
            "lineColor": {
              "solid": {
                "color": {
                  "expr": {
                    "ThemeDataColor": {
                      "ColorId": 1,
                      "Percent": 0
                    }
                  }
                }
              }
            },
            "value": {
              "expr": {
                "Literal": {
                  "Value": "5000D"
                }
              }
            },
            "transparency": {
              "expr": {
                "Literal": {
                  "Value": "49D"
                }
              }
            }
          },
          "selector": {
            "id": "1"
          }
        }
      ],
      "referenceLine": [
        {
          "properties": {
            "show": {
              "expr": {
                "Literal": {
                  "Value": "true"
                }
              }
            },
            "displayName": {
              "expr": {
                "Literal": {
                  "Value": "'Average line 1'"
                }
              }
            },
            "value": {
              "expr": {
                "Aggregation": {
                  "Expression": {
                    "SelectRef": {
                      "ExpressionName": "Sum(Orders.Sales_Amount)"
                    }
                  },
                  "Function": 1
                }
              }
            },
            "lineColor": {
              "solid": {
                "color": {
                  "expr": {
                    "ThemeDataColor": {
                      "ColorId": 0,
                      "Percent": -0.6
                    }
                  }
                }
              }
            }
          },
          "selector": {
            "metadata": "Sum(Orders.Sales_Amount)",
            "id": "1"
          }
        }
      ],
      "dataPoint": [
        {
          "properties": {
            "fill": {
              "solid": {
                "color": {
                  "expr": {
                    "Conditional": {
                      "Cases": [
                        {
                          "Condition": {
                            "Comparison": {
                              "ComparisonKind": 2,
                              "Left": {
                                "Aggregation": {
                                  "Expression": {
                                    "Column": {
                                      "Expression": {
                                        "SourceRef": {
                                          "Entity": "Orders"
                                        }
                                      },
                                      "Property": "Sales_Amount"
                                    }
                                  },
                                  "Function": 0
                                }
                              },
                              "Right": {
                                "Literal": {
                                  "Value": "5000D"
                                }
                              }
                            }
                          },
                          "Value": {
                            "Literal": {
                              "Value": "'#b3b3b3'"
                            }
                          }
                        },
                        {
                          "Condition": {
                            "And": {
                              "Left": {
                                "Comparison": {
                                  "ComparisonKind": 2,
                                  "Left": {
                                    "Aggregation": {
                                      "Expression": {
                                        "Column": {
                                          "Expression": {
                                            "SourceRef": {
                                              "Entity": "Orders"
                                            }
                                          },
                                          "Property": "Sales_Amount"
                                        }
                                      },
                                      "Function": 0
                                    }
                                  },
                                  "Right": {
                                    "Literal": {
                                      "Value": "0D"
                                    }
                                  }
                                }
                              },
                              "Right": {
                                "Comparison": {
                                  "ComparisonKind": 3,
                                  "Left": {
                                    "Aggregation": {
                                      "Expression": {
                                        "Column": {
                                          "Expression": {
                                            "SourceRef": {
                                              "Entity": "Orders"
                                            }
                                          },
                                          "Property": "Sales_Amount"
                                        }
                                      },
                                      "Function": 0
                                    }
                                  },
                                  "Right": {
                                    "Literal": {
                                      "Value": "5000D"
                                    }
                                  }
                                }
                              }
                            }
                          },
                          "Value": {
                            "Literal": {
                              "Value": "'#a1343c'"
                            }
                          }
                        }
                      ]
                    }
                  }
                }
              }
            }
          },
          "selector": {
            "data": [
              {
                "dataViewWildcard": {
                  "matchingOption": 1
                }
              }
            ]
          }
        }
      ],
      "categoryAxis": [
        {
          "properties": {
            "titleText": {
              "expr": {
                "Literal": {
                  "Value": "'Product Name'"
                }
              }
            }
          }
        }
      ]
    },
    "visualContainerObjects": {
      "title": [
        {
          "properties": {
            "text": {
              "expr": {
                "Literal": {
                  "Value": "'Total Sales Amount by Product for Women'"
                }
              }
            }
          }
        }
      ]
    },
    "drillFilterOtherVisuals": true
  }
}