{
  "$schema": "https://developer.microsoft.com/json-schemas/fabric/item/report/definition/visualContainer/2.3.0/schema.json",
  "name": "ef193073cf317e279c74",
  "position": {
    "x": 751.22481386075719,
    "y": 403.25487843607749,
    "z": 3000,
    "height": 138.21235752849429,
    "width": 528.459014079537,
    "tabOrder": 3000
  },
  "visual": {
    "visualType": "card",
    "query": {
      "queryState": {
        "Values": {
          "projections": [
            {
              "field": {
                "Measure": {
                  "Expression": {
                    "SourceRef": {
                      "Entity": "Orders"
                    }
                  },
                  "Property": "Orders Above Target Profit Margin"
                }
              },
              "queryRef": "Orders.Orders Above Target Profit Margin",
              "nativeQueryRef": "Orders Above Target Profit Margin"
            }
          ]
        }
      },
      "sortDefinition": {
        "sort": [
          {
            "field": {
              "Measure": {
                "Expression": {
                  "SourceRef": {
                    "Entity": "Orders"
                  }
                },
                "Property": "Orders Above Target Profit Margin"
              }
            },
            "direction": "Descending"
          }
        ],
        "isDefaultSort": true
      }
    },
    "drillFilterOtherVisuals": true
  }
}