{
  "$schema": "https://developer.microsoft.com/json-schemas/fabric/item/report/definition/visualContainer/2.3.0/schema.json",
  "name": "5f68d59067d782f387aa",
  "position": {
    "x": 0,
    "y": 20.732662041411331,
    "z": 0,
    "height": 1179.6884701563047,
    "width": 1040.7796344788489
  },
  "visual": {
    "visualType": "textbox",
    "objects": {
      "general": [
        {
          "properties": {
            "paragraphs": [
              {
                "textRuns": [
                  {
                    "value": ""
                  }
                ]
              },
              {
                "textRuns": [
                  {
                    "value": "Executive Summary: Customer Churn Analysis for Databel",
                    "textStyle": {
                      "fontWeight": "bold",
                      "fontSize": "18pt"
                    }
                  }
                ]
              },
              {
                "textRuns": [
                  {
                    "value": ""
                  }
                ]
              },
              {
                "textRuns": [
                  {
                    "value": "Author:",
                    "textStyle": {
                      "fontWeight": "bold",
                      "fontSize": "18pt"
                    }
                  },
                  {
                    "value": " Pedro Evaristo de Oliveira       ",
                    "textStyle": {
                      "fontSize": "18pt"
                    }
                  },
                  {
                    "value": "                                                             ",
                    "textStyle": {
                      "fontSize": "16pt"
                    }
                  },
                  {
                    "value": "Date:",
                    "textStyle": {
                      "fontWeight": "bold",
                      "fontSize": "18pt"
                    }
                  },
                  {
                    "value": " September 24, 2025",
                    "textStyle": {
                      "fontSize": "16pt"
                    }
                  }
                ]
              },
              {
                "textRuns": [
                  {
                    "value": ""
                  }
                ]
              },
              {
                "textRuns": [
                  {
                    "value": ""
                  }
                ]
              },
              {
                "textRuns": [
                  {
                    "value": "1. The Problem",
                    "textStyle": {
                      "fontWeight": "bold",
                      "fontSize": "18pt"
                    }
                  }
                ]
              },
              {
                "textRuns": [
                  {
                    "value": ""
                  }
                ]
              },
              {
                "textRuns": [
                  {
                    "value": "Databel is experiencing a customer churn rate of ",
                    "textStyle": {
                      "fontSize": "16pt"
                    }
                  },
                  {
                    "value": "26.86%",
                    "textStyle": {
                      "fontWeight": "bold",
                      "fontSize": "16pt"
                    }
                  },
                  {
                    "value": ". This analysis identifies the primary drivers behind this attrition and provides actionable recommendations to improve customer retention.",
                    "textStyle": {
                      "fontSize": "16pt"
                    }
                  }
                ]
              },
              {
                "textRuns": [
                  {
                    "value": ""
                  }
                ]
              },
              {
                "textRuns": [
                  {
                    "value": ""
                  }
                ]
              },
              {
                "textRuns": [
                  {
                    "value": "2. Key Findings",
                    "textStyle": {
                      "fontWeight": "bold",
                      "fontSize": "18pt"
                    }
                  }
                ]
              },
              {
                "textRuns": [
                  {
                    "value": "The analysis reveals four critical factors driving the churn rate:",
                    "textStyle": {
                      "fontSize": "16pt"
                    }
                  }
                ]
              },
              {
                "textRuns": [
                  {
                    "value": "High-Risk Customer Profile:",
                    "textStyle": {
                      "fontWeight": "bold",
                      "fontSize": "16pt"
                    }
                  },
                  {
                    "value": " A specific segment is disproportionately at risk:",
                    "textStyle": {
                      "fontSize": "16pt"
                    }
                  }
                ],
                "listType": "bullet"
              },
              {
                "textRuns": [
                  {
                    "value": "Contract Type:",
                    "textStyle": {
                      "fontWeight": "bold",
                      "fontSize": "16pt"
                    }
                  },
                  {
                    "value": " Customers on flexible ",
                    "textStyle": {
                      "fontSize": "16pt"
                    }
                  },
                  {
                    "value": "\"Month-to-Month\"",
                    "textStyle": {
                      "fontWeight": "bold",
                      "fontSize": "16pt"
                    }
                  },
                  {
                    "value": " contracts.",
                    "textStyle": {
                      "fontSize": "16pt"
                    }
                  }
                ],
                "listType": "bullet",
                "indent": 1
              },
              {
                "textRuns": [
                  {
                    "value": "Payment Method:",
                    "textStyle": {
                      "fontWeight": "bold",
                      "fontSize": "16pt"
                    }
                  },
                  {
                    "value": " Users of ",
                    "textStyle": {
                      "fontSize": "16pt"
                    }
                  },
                  {
                    "value": "\"Direct Debit\"",
                    "textStyle": {
                      "fontWeight": "bold",
                      "fontSize": "16pt"
                    }
                  },
                  {
                    "value": " for payments.",
                    "textStyle": {
                      "fontSize": "16pt"
                    }
                  }
                ],
                "listType": "bullet",
                "indent": 1
              },
              {
                "textRuns": [
                  {
                    "value": "Behavior:",
                    "textStyle": {
                      "fontWeight": "bold",
                      "fontSize": "16pt"
                    }
                  },
                  {
                    "value": " This group makes a significantly higher number of customer service calls, indicating friction and dissatisfaction.",
                    "textStyle": {
                      "fontSize": "16pt"
                    }
                  }
                ],
                "listType": "bullet",
                "indent": 1
              },
              {
                "textRuns": [
                  {
                    "value": "Unused Premium Services:",
                    "textStyle": {
                      "fontWeight": "bold",
                      "fontSize": "16pt"
                    }
                  },
                  {
                    "value": " The single highest churn rate (",
                    "textStyle": {
                      "fontSize": "16pt"
                    }
                  },
                  {
                    "value": "71.19%",
                    "textStyle": {
                      "fontWeight": "bold",
                      "fontSize": "16pt"
                    }
                  },
                  {
                    "value": ") is found among customers who subscribe to an ",
                    "textStyle": {
                      "fontSize": "16pt"
                    }
                  },
                  {
                    "value": "International Plan but have no international activity",
                    "textStyle": {
                      "fontWeight": "bold",
                      "fontSize": "16pt"
                    }
                  },
                  {
                    "value": ". This suggests they feel they are paying for a service they don't use, creating a perception of poor value.",
                    "textStyle": {
                      "fontSize": "16pt"
                    }
                  }
                ],
                "listType": "bullet"
              },
              {
                "textRuns": [
                  {
                    "value": "Competitive Pressure:",
                    "textStyle": {
                      "fontWeight": "bold",
                      "fontSize": "16pt"
                    }
                  },
                  {
                    "value": " A primary reason for churn is ",
                    "textStyle": {
                      "fontSize": "16pt"
                    }
                  },
                  {
                    "value": "competitor offers",
                    "textStyle": {
                      "fontWeight": "bold",
                      "fontSize": "16pt"
                    }
                  },
                  {
                    "value": ". Customers are actively seeking or being presented with more attractive alternatives in the market.",
                    "textStyle": {
                      "fontSize": "16pt"
                    }
                  }
                ],
                "listType": "bullet"
              },
              {
                "textRuns": [
                  {
                    "value": "Geographic Anomalies:",
                    "textStyle": {
                      "fontWeight": "bold",
                      "fontSize": "16pt"
                    }
                  },
                  {
                    "value": " ",
                    "textStyle": {
                      "fontSize": "16pt"
                    }
                  },
                  {
                    "value": "California",
                    "textStyle": {
                      "fontWeight": "bold",
                      "fontSize": "16pt"
                    }
                  },
                  {
                    "value": " has one of the highest churn rates, but it does not follow the national trend of high customer service calls before churning. This implies that churn drivers in California are unique to the region (e.g., local competition, network quality).",
                    "textStyle": {
                      "fontSize": "16pt"
                    }
                  }
                ],
                "listType": "bullet"
              },
              {
                "textRuns": [
                  {
                    "value": ""
                  }
                ]
              },
              {
                "textRuns": [
                  {
                    "value": ""
                  }
                ]
              },
              {
                "textRuns": [
                  {
                    "value": "3. Strategic Recommendations",
                    "textStyle": {
                      "fontWeight": "bold",
                      "fontSize": "18pt"
                    }
                  }
                ]
              },
              {
                "textRuns": [
                  {
                    "value": "Based on these findings, we recommend the following actions:",
                    "textStyle": {
                      "fontSize": "16pt"
                    }
                  }
                ]
              },
              {
                "textRuns": [
                  {
                    "value": "Incentivize Long-Term Contracts:",
                    "textStyle": {
                      "fontWeight": "bold",
                      "fontSize": "16pt"
                    }
                  },
                  {
                    "value": " Launch a targeted marketing campaign to migrate \"Month-to-Month\" customers to annual plans by offering loyalty benefits or discounts.",
                    "textStyle": {
                      "fontSize": "16pt"
                    }
                  }
                ],
                "listType": "bullet"
              },
              {
                "textRuns": [
                  {
                    "value": "Audit Unused Premium Plans:",
                    "textStyle": {
                      "fontWeight": "bold",
                      "fontSize": "16pt"
                    }
                  },
                  {
                    "value": " Proactively identify and contact customers with unused International Plans. Offer to downgrade their plan to better fit their needs, thereby reducing their bill and increasing satisfaction.",
                    "textStyle": {
                      "fontSize": "16pt"
                    }
                  }
                ],
                "listType": "bullet"
              },
              {
                "textRuns": [
                  {
                    "value": "Strengthen Competitive Positioning:",
                    "textStyle": {
                      "fontWeight": "bold",
                      "fontSize": "16pt"
                    }
                  },
                  {
                    "value": " Conduct a thorough competitive analysis to ensure Databel's pricing, plans, and value propositions are compelling and can effectively counter competitor offers.",
                    "textStyle": {
                      "fontSize": "16pt"
                    }
                  }
                ],
                "listType": "bullet"
              },
              {
                "textRuns": [
                  {
                    "value": "Develop a Targeted California Strategy:",
                    "textStyle": {
                      "fontWeight": "bold",
                      "fontSize": "16pt"
                    }
                  },
                  {
                    "value": " Initiate a region-specific investigation into the unique churn drivers in California, focusing on local market factors rather than general service issues.",
                    "textStyle": {
                      "fontSize": "16pt"
                    }
                  }
                ],
                "listType": "bullet"
              },
              {
                "textRuns": [
                  {
                    "value": "Investigate Payment Friction:",
                    "textStyle": {
                      "fontWeight": "bold",
                      "fontSize": "16pt"
                    }
                  },
                  {
                    "value": " Analyze the \"Direct Debit\" payment process and associated service calls to identify and resolve any underlying issues causing customer frustration.",
                    "textStyle": {
                      "fontSize": "16pt"
                    }
                  }
                ],
                "listType": "bullet"
              },
              {
                "textRuns": [
                  {
                    "value": ""
                  }
                ]
              },
              {
                "textRuns": [
                  {
                    "value": ""
                  }
                ]
              },
              {
                "textRuns": [
                  {
                    "value": ""
                  }
                ]
              },
              {
                "textRuns": [
                  {
                    "value": ""
                  }
                ]
              },
              {
                "textRuns": [
                  {
                    "value": ""
                  }
                ]
              },
              {
                "textRuns": [
                  {
                    "value": ""
                  }
                ]
              },
              {
                "textRuns": [
                  {
                    "value": ""
                  }
                ]
              },
              {
                "textRuns": [
                  {
                    "value": ""
                  }
                ]
              },
              {
                "textRuns": [
                  {
                    "value": ""
                  }
                ]
              },
              {
                "textRuns": [
                  {
                    "value": ""
                  }
                ]
              },
              {
                "textRuns": [
                  {
                    "value": ""
                  }
                ]
              },
              {
                "textRuns": [
                  {
                    "value": ""
                  }
                ]
              },
              {
                "textRuns": [
                  {
                    "value": ""
                  }
                ]
              },
              {
                "textRuns": [
                  {
                    "value": ""
                  }
                ]
              },
              {
                "textRuns": [
                  {
                    "value": ""
                  }
                ]
              },
              {
                "textRuns": [
                  {
                    "value": ""
                  }
                ]
              },
              {
                "textRuns": [
                  {
                    "value": ""
                  }
                ]
              },
              {
                "textRuns": [
                  {
                    "value": ""
                  }
                ]
              },
              {
                "textRuns": [
                  {
                    "value": ""
                  }
                ]
              }
            ]
          }
        }
      ]
    },
    "drillFilterOtherVisuals": true
  }
}