{
  "$schema": "https://developer.microsoft.com/json-schemas/fabric/item/report/definition/page/2.0.0/schema.json",
  "name": "ReportSection0da0007f61773311eb77",
  "displayName": "Overview",
  "displayOption": "FitToPage",
  "height": 960,
  "width": 1640,
  "filterConfig": {
    "filters": [
      {
        "name": "Filterd6ab7baabae30016cd1c",
        "field": {
          "Column": {
            "Expression": {
              "SourceRef": {
                "Entity": "Databel - Data"
              }
            },
            "Property": "Contract Type"
          }
        },
        "type": "Categorical",
        "howCreated": "User",
        "objects": {
          "general": [
            {
              "properties": {
                "isInvertedSelectionMode": {
                  "expr": {
                    "Literal": {
                      "Value": "true"
                    }
                  }
                }
              }
            }
          ]
        }
      }
    ]
  },
  "objects": {
    "background": [
      {
        "properties": {
          "color": {
            "solid": {
              "color": {
                "expr": {
                  "ThemeDataColor": {
                    "ColorId": 0,
                    "Percent": 0
                  }
                }
              }
            }
          }
        }
      }
    ],
    "outspace": [
      {
        "properties": {
          "color": {
            "solid": {
              "color": {
                "expr": {
                  "ThemeDataColor": {
                    "ColorId": 0,
                    "Percent": 0
                  }
                }
              }
            }
          }
        }
      }
    ]
  },
  "visualInteractions": [
    {
      "source": "76cf0058b81bf3b38e13",
      "target": "271772ca832ee73c1bd1",
      "type": "DataFilter"
    },
    {
      "source": "76cf0058b81bf3b38e13",
      "target": "4b2b4682699856a6f420",
      "type": "DataFilter"
    }
  ]
}