{
  "$schema": "https://developer.microsoft.com/json-schemas/fabric/item/report/definition/visualContainer/2.3.0/schema.json",
  "name": "101cca8807b889412ad4",
  "position": {
    "x": 9.756166413776068,
    "y": 0,
    "z": 0,
    "height": 279.67677052824729,
    "width": 1269.9276615265182
  },
  "visual": {
    "visualType": "kpi",
    "query": {
      "queryState": {
        "Goal": {
          "projections": [
            {
              "field": {
                "Measure": {
                  "Expression": {
                    "SourceRef": {
                      "Entity": "Orders"
                    }
                  },
                  "Property": "Target Orders"
                }
              },
              "queryRef": "Orders.Target Orders",
              "nativeQueryRef": "Target Orders"
            }
          ]
        },
        "Indicator": {
          "projections": [
            {
              "field": {
                "Measure": {
                  "Expression": {
                    "SourceRef": {
                      "Entity": "Orders"
                    }
                  },
                  "Property": "Total Orders"
                }
              },
              "queryRef": "Orders.Total Orders",
              "nativeQueryRef": "Total Orders"
            }
          ]
        },
        "TrendLine": {
          "projections": [
            {
              "field": {
                "HierarchyLevel": {
                  "Expression": {
                    "Hierarchy": {
                      "Expression": {
                        "PropertyVariationSource": {
                          "Expression": {
                            "SourceRef": {
                              "Entity": "Orders"
                            }
                          },
                          "Name": "Variation",
                          "Property": "Order_Date"
                        }
                      },
                      "Hierarchy": "Date Hierarchy"
                    }
                  },
                  "Level": "Month"
                }
              },
              "queryRef": "Orders.Order_Date.Variation.Date Hierarchy.Month",
              "nativeQueryRef": "Order_Date Month"
            }
          ]
        }
      }
    },
    "objects": {
      "lastDate": [
        {
          "properties": {
            "show": {
              "expr": {
                "Literal": {
                  "Value": "false"
                }
              }
            }
          }
        }
      ]
    },
    "visualContainerObjects": {
      "title": [
        {
          "properties": {
            "text": {
              "expr": {
                "Literal": {
                  "Value": "'Total Orders vs Target by Month'"
                }
              }
            }
          }
        }
      ]
    },
    "drillFilterOtherVisuals": true
  }
}