{
  "$schema": "https://developer.microsoft.com/json-schemas/fabric/item/report/definition/visualContainer/2.3.0/schema.json",
  "name": "4214ba2098c6a178801d",
  "position": {
    "x": 1000.0070574120469,
    "y": 0,
    "z": 0,
    "height": 279.67677052824729,
    "width": 279.67677052824729
  },
  "visual": {
    "visualType": "slicer",
    "query": {
      "queryState": {
        "Values": {
          "projections": [
            {
              "field": {
                "HierarchyLevel": {
                  "Expression": {
                    "Hierarchy": {
                      "Expression": {
                        "PropertyVariationSource": {
                          "Expression": {
                            "SourceRef": {
                              "Entity": "Orders"
                            }
                          },
                          "Name": "Variation",
                          "Property": "Order_Date"
                        }
                      },
                      "Hierarchy": "Date Hierarchy"
                    }
                  },
                  "Level": "Year"
                }
              },
              "queryRef": "Orders.Order_Date.Variation.Date Hierarchy.Year",
              "nativeQueryRef": "Order_Date Year",
              "active": true
            }
          ]
        }
      },
      "sortDefinition": {
        "sort": [
          {
            "field": {
              "HierarchyLevel": {
                "Expression": {
                  "Hierarchy": {
                    "Expression": {
                      "PropertyVariationSource": {
                        "Expression": {
                          "SourceRef": {
                            "Entity": "Orders"
                          }
                        },
                        "Name": "Variation",
                        "Property": "Order_Date"
                      }
                    },
                    "Hierarchy": "Date Hierarchy"
                  }
                },
                "Level": "Year"
              }
            },
            "direction": "Ascending"
          }
        ],
        "isDefaultSort": true
      }
    },
    "objects": {
      "data": [
        {
          "properties": {
            "mode": {
              "expr": {
                "Literal": {
                  "Value": "'Basic'"
                }
              }
            }
          }
        }
      ],
      "header": [
        {
          "properties": {
            "text": {
              "expr": {
                "Literal": {
                  "Value": "'Year'"
                }
              }
            }
          }
        }
      ],
      "general": [
        {
          "properties": {
            "filter": {
              "filter": {
                "Version": 2,
                "From": [
                  {
                    "Name": "l",
                    "Entity": "LocalDateTable_0f8ed742-9144-4d8a-8414-b08f6e36ffc9",
                    "Type": 0
                  }
                ],
                "Where": [
                  {
                    "Condition": {
                      "In": {
                        "Expressions": [
                          {
                            "Column": {
                              "Expression": {
                                "SourceRef": {
                                  "Source": "l"
                                }
                              },
                              "Property": "Year"
                            }
                          }
                        ],
                        "Values": [
                          [
                            {
                              "Literal": {
                                "Value": "2021L"
                              }
                            }
                          ]
                        ]
                      }
                    },
                    "Annotations": {
                      "filterExpressionMetadata": {
                        "expressions": [
                          {
                            "HierarchyLevel": {
                              "Expression": {
                                "Hierarchy": {
                                  "Expression": {
                                    "PropertyVariationSource": {
                                      "Expression": {
                                        "SourceRef": {
                                          "Entity": "Orders"
                                        }
                                      },
                                      "Name": "Variation",
                                      "Property": "Order_Date"
                                    }
                                  },
                                  "Hierarchy": "Date Hierarchy"
                                }
                              },
                              "Level": "Year"
                            }
                          }
                        ],
                        "decomposedIdentities": {
                          "values": [
                            [
                              {
                                "0": [
                                  {
                                    "Literal": {
                                      "Value": "2021L"
                                    }
                                  }
                                ]
                              }
                            ]
                          ],
                          "columns": [
                            {
                              "value": {
                                "Column": {
                                  "Expression": {
                                    "SourceRef": {
                                      "Entity": "LocalDateTable_0f8ed742-9144-4d8a-8414-b08f6e36ffc9"
                                    }
                                  },
                                  "Property": "Year"
                                }
                              }
                            }
                          ]
                        },
                        "valueMap": [
                          {
                            "0": "2021"
                          }
                        ]
                      }
                    }
                  }
                ]
              }
            }
          }
        }
      ]
    },
    "drillFilterOtherVisuals": true
  }
}