{
  "$schema": "https://developer.microsoft.com/json-schemas/fabric/item/report/definition/visualContainer/2.3.0/schema.json",
  "name": "f2ff558e06154c7c4042",
  "position": {
    "x": 666.67137160803134,
    "y": 359.35212957408515,
    "z": 3000,
    "height": 356.10007410282645,
    "width": 613.0124563322629,
    "tabOrder": 3000
  },
  "visual": {
    "visualType": "TornadoChart1452517688218",
    "query": {
      "queryState": {
        "Values": {
          "projections": [
            {
              "field": {
                "Aggregation": {
                  "Expression": {
                    "Column": {
                      "Expression": {
                        "SourceRef": {
                          "Entity": "Orders"
                        }
                      },
                      "Property": "Sales_Amount"
                    }
                  },
                  "Function": 0
                }
              },
              "queryRef": "Sum(Orders.Sales_Amount)",
              "nativeQueryRef": "Sales_Amount"
            },
            {
              "field": {
                "Aggregation": {
                  "Expression": {
                    "Column": {
                      "Expression": {
                        "SourceRef": {
                          "Entity": "Orders"
                        }
                      },
                      "Property": "Cost_of_Goods_Sold"
                    }
                  },
                  "Function": 0
                }
              },
              "queryRef": "Sum(Orders.Cost_of_Goods_Sold)",
              "nativeQueryRef": "Cost_of_Goods_Sold"
            }
          ]
        },
        "Category": {
          "projections": [
            {
              "field": {
                "Column": {
                  "Expression": {
                    "SourceRef": {
                      "Entity": "Products"
                    }
                  },
                  "Property": "Product_Category"
                }
              },
              "queryRef": "Products.Product_Category",
              "nativeQueryRef": "Product_Category"
            }
          ]
        }
      },
      "sortDefinition": {
        "sort": [
          {
            "field": {
              "Column": {
                "Expression": {
                  "SourceRef": {
                    "Entity": "Products"
                  }
                },
                "Property": "Product_Category"
              }
            },
            "direction": "Ascending"
          }
        ]
      }
    },
    "visualContainerObjects": {
      "title": [
        {
          "properties": {
            "text": {
              "expr": {
                "Literal": {
                  "Value": "'Revenue versus Cost'"
                }
              }
            }
          }
        }
      ]
    },
    "drillFilterOtherVisuals": true
  }
}