{
  "$schema": "https://developer.microsoft.com/json-schemas/fabric/item/report/definition/visualContainer/2.3.0/schema.json",
  "name": "6fb3b0e0115b38f6fef4",
  "position": {
    "x": 598.46854158580049,
    "y": 397.47344648717319,
    "z": 5000,
    "height": 602.985285295882,
    "width": 1201.4538268816825,
    "tabOrder": 5000
  },
  "visual": {
    "visualType": "scatterChart",
    "query": {
      "queryState": {
        "Category": {
          "projections": [
            {
              "field": {
                "Column": {
                  "Expression": {
                    "SourceRef": {
                      "Entity": "Products"
                    }
                  },
                  "Property": "Product_Name"
                }
              },
              "queryRef": "Products.Product_Name",
              "nativeQueryRef": "Product_Name",
              "active": true
            }
          ]
        },
        "Size": {
          "projections": [
            {
              "field": {
                "Aggregation": {
                  "Expression": {
                    "Column": {
                      "Expression": {
                        "SourceRef": {
                          "Entity": "Orders"
                        }
                      },
                      "Property": " Order_Quantity "
                    }
                  },
                  "Function": 0
                }
              },
              "queryRef": "Sum(Orders. Order_Quantity )",
              "nativeQueryRef": " Order_Quantity "
            }
          ]
        },
        "X": {
          "projections": [
            {
              "field": {
                "Aggregation": {
                  "Expression": {
                    "Column": {
                      "Expression": {
                        "SourceRef": {
                          "Entity": "Orders"
                        }
                      },
                      "Property": "Sales_Amount"
                    }
                  },
                  "Function": 0
                }
              },
              "queryRef": "Sum(Orders.Sales_Amount)",
              "nativeQueryRef": "Sales_Amount",
              "active": true
            }
          ]
        },
        "Y": {
          "projections": [
            {
              "field": {
                "Aggregation": {
                  "Expression": {
                    "Column": {
                      "Expression": {
                        "SourceRef": {
                          "Entity": "Orders"
                        }
                      },
                      "Property": "Product_Price"
                    }
                  },
                  "Function": 1
                }
              },
              "queryRef": "Sum(Orders.Product_Price)",
              "nativeQueryRef": "Average of Product_Price"
            }
          ]
        }
      }
    },
    "objects": {
      "valueAxis": [
        {
          "properties": {
            "titleText": {
              "expr": {
                "Literal": {
                  "Value": "'Average of Product Price'"
                }
              }
            }
          }
        }
      ],
      "categoryAxis": [
        {
          "properties": {
            "titleText": {
              "expr": {
                "Literal": {
                  "Value": "'Sales Amount'"
                }
              }
            }
          }
        }
      ]
    },
    "visualContainerObjects": {
      "title": [
        {
          "properties": {
            "text": {
              "expr": {
                "Literal": {
                  "Value": "'Sales Amount, Average Price and  Order Quantity  by Name'"
                }
              }
            }
          }
        }
      ]
    },
    "drillFilterOtherVisuals": true
  },
  "filterConfig": {
    "filters": [
      {
        "name": "83023a728f43842081a5",
        "field": {
          "Aggregation": {
            "Expression": {
              "Column": {
                "Expression": {
                  "SourceRef": {
                    "Entity": "Orders"
                  }
                },
                "Property": "Sales_Amount"
              }
            },
            "Function": 0
          }
        },
        "type": "Advanced",
        "filter": {
          "Version": 2,
          "From": [
            {
              "Name": "o",
              "Entity": "Orders",
              "Type": 0
            }
          ],
          "Where": [
            {
              "Condition": {
                "Comparison": {
                  "ComparisonKind": 2,
                  "Left": {
                    "Aggregation": {
                      "Expression": {
                        "Column": {
                          "Expression": {
                            "SourceRef": {
                              "Source": "o"
                            }
                          },
                          "Property": "Sales_Amount"
                        }
                      },
                      "Function": 0
                    }
                  },
                  "Right": {
                    "Literal": {
                      "Value": "5000L"
                    }
                  }
                }
              }
            }
          ]
        }
      }
    ]
  }
}